T,P,Density,Enthalpy,Entropy,Z,Viscosity,cg
337,5,30.101,960.11,4.8451,0.95104,13.099,0.2091
337,6,36.443,952.35,4.7326,0.94266,13.314,0.17526
337,7,42.871,944.65,4.6347,0.93486,13.546,0.15087
337,8,49.374,937.04,4.5477,0.92769,13.797,0.13237
337,9,55.938,929.54,4.469,0.9212,14.066,0.11777
337,10,62.544,922.18,4.397,0.91543,14.353,0.10589
337,11,69.176,914.97,4.3305,0.91043,14.657,0.095962
337,12,75.814,907.94,4.2687,0.90624,14.978,0.087506
337,13,82.438,901.11,4.2109,0.90288,15.315,0.080176
337,14,89.027,894.5,4.1567,0.90037,15.666,0.073736
337,15,95.56,888.13,4.1056,0.89873,16.031,0.068014
337,16,102.02,882.01,4.0574,0.89795,16.409,0.062885
337,17,108.39,876.16,4.0118,0.89803,16.797,0.058258
337,18,114.64,870.59,3.9687,0.89896,17.195,0.054061
337,19,120.78,865.29,3.9277,0.90071,17.6,0.05024
337,20,126.77,860.28,3.8889,0.90326,18.013,0.046752
337,21,132.63,855.55,3.852,0.90656,18.43,0.043562
337,22,138.33,851.1,3.8169,0.9106,18.852,0.04064
337,23,143.87,846.92,3.7834,0.91532,19.276,0.037961
337,24,149.25,843.02,3.7516,0.92068,19.702,0.035504
337,25,154.47,839.38,3.7213,0.92665,20.129,0.03325
337,26,159.52,835.98,3.6923,0.93318,20.556,0.031179
337,27,164.42,832.84,3.6646,0.94023,20.982,0.029277
337,28,169.15,829.92,3.6382,0.94776,21.406,0.02753
337,29,173.73,827.22,3.6129,0.95573,21.829,0.025922
337,30,178.16,824.74,3.5886,0.96411,22.249,0.024444
337,31,182.44,822.45,3.5654,0.97286,22.666,0.023082
337,32,186.58,820.35,3.5431,0.98196,23.08,0.021826
337,33,190.59,818.44,3.5217,0.99136,23.49,0.020668
337,34,194.46,816.68,3.5011,1.001,23.897,0.019599
337,35,198.21,815.09,3.4812,1.011,24.301,0.01861
337,36,201.84,813.65,3.4621,1.0212,24.701,0.017695
337,37,205.36,812.35,3.4437,1.0316,25.096,0.016846
337,38,208.76,811.18,3.4259,1.0422,25.488,0.016059
337,39,212.06,810.14,3.4087,1.053,25.876,0.015328
337,40,215.27,809.22,3.392,1.0639,26.261,0.014648
337,41,218.37,808.4,3.376,1.075,26.641,0.014014
337,42,221.39,807.7,3.3604,1.0862,27.018,0.013423
337,43,224.32,807.09,3.3452,1.0975,27.391,0.012871
337,44,227.16,806.58,3.3306,1.109,27.761,0.012354
337,45,229.93,806.15,3.3163,1.1205,28.126,0.011871
337,46,232.62,805.81,3.3025,1.1322,28.489,0.011418
337,47,235.24,805.55,3.289,1.1439,28.848,0.010993
337,48,237.8,805.36,3.2759,1.1557,29.203,0.010593
337,49,240.28,805.25,3.2632,1.1676,29.556,0.010217
337,50,242.71,805.2,3.2508,1.1795,29.905,0.0098629
341,5,29.668,970.36,4.8753,0.95362,13.21,0.20855
341,6,35.898,962.8,4.7634,0.94574,13.42,0.17472
341,7,42.208,955.31,4.6661,0.93841,13.647,0.15035
341,8,48.585,947.91,4.5797,0.93169,13.891,0.13187
341,9,55.017,940.61,4.5017,0.92563,14.153,0.11729
341,10,61.486,933.45,4.4303,0.92026,14.431,0.10544
341,11,67.978,926.45,4.3644,0.91562,14.726,0.095561
341,12,74.472,919.61,4.3031,0.91175,15.037,0.087151
341,13,80.952,912.97,4.2459,0.90867,15.362,0.079873
341,14,87.398,906.54,4.1922,0.90639,15.702,0.073488
341,15,93.791,900.34,4.1416,0.90494,16.055,0.067823
341,16,100.11,894.38,4.0939,0.9043,16.419,0.062752
341,17,106.35,888.67,4.0487,0.90448,16.794,0.058181
341,18,112.48,883.22,4.0059,0.90546,17.178,0.054038
341,19,118.5,878.04,3.9654,0.90722,17.57,0.050269
341,20,124.4,873.13,3.9268,0.90974,17.968,0.046828
341,21,130.15,868.49,3.8901,0.91298,18.372,0.043679
341,22,135.76,864.12,3.8553,0.91692,18.78,0.040795
341,23,141.23,860.01,3.822,0.92151,19.191,0.038148
341,24,146.54,856.15,3.7904,0.92673,19.604,0.035719
341,25,151.69,852.55,3.7601,0.93252,20.019,0.033486
341,26,156.7,849.19,3.7313,0.93886,20.433,0.031433
341,27,161.55,846.07,3.7037,0.94571,20.847,0.029545
341,28,166.24,843.17,3.6773,0.95302,21.26,0.027807
341,29,170.79,840.48,3.652,0.96077,21.672,0.026207
341,30,175.2,838,3.6278,0.96891,22.081,0.024732
341,31,179.46,835.71,3.6045,0.97743,22.488,0.023371
341,32,183.59,833.6,3.5822,0.98628,22.893,0.022115
341,33,187.58,831.68,3.5607,0.99544,23.294,0.020955
341,34,191.45,829.91,3.5401,1.0049,23.692,0.019882
341,35,195.2,828.31,3.5202,1.0146,24.087,0.018889
341,36,198.83,826.85,3.501,1.0245,24.478,0.017969
341,37,202.34,825.53,3.4825,1.0347,24.866,0.017114
341,38,205.75,824.34,3.4647,1.045,25.25,0.016321
341,39,209.06,823.27,3.4474,1.0556,25.631,0.015583
341,40,212.27,822.33,3.4307,1.0663,26.009,0.014896
341,41,215.39,821.49,3.4146,1.0771,26.382,0.014255
341,42,218.41,820.76,3.3989,1.0881,26.752,0.013657
341,43,221.35,820.13,3.3837,1.0992,27.119,0.013098
341,44,224.21,819.6,3.369,1.1104,27.482,0.012575
341,45,226.99,819.15,3.3547,1.1217,27.842,0.012085
341,46,229.7,818.78,3.3408,1.1332,28.199,0.011625
341,47,232.33,818.5,3.3272,1.1447,28.552,0.011193
341,48,234.9,818.29,3.3141,1.1562,28.902,0.010787
341,49,237.4,818.15,3.3012,1.1679,29.249,0.010405
341,50,239.84,818.08,3.2888,1.1796,29.593,0.010045
351,5,28.644,996.07,4.9496,0.95956,13.488,0.20731
351,6,34.617,988.97,4.839,0.95279,13.687,0.1735
351,7,40.653,981.96,4.7432,0.94655,13.901,0.14916
351,8,46.741,975.03,4.6581,0.94086,14.13,0.13073
351,9,52.87,968.22,4.5814,0.93577,14.375,0.11622
351,10,59.026,961.53,4.5114,0.9313,14.634,0.10445
351,11,65.196,954.98,4.4469,0.92749,14.908,0.094658
351,12,71.364,948.6,4.3869,0.92436,15.196,0.08635
351,13,77.515,942.4,4.3309,0.92192,15.496,0.079183
351,14,83.635,936.38,4.2784,0.92019,15.81,0.072916
351,15,89.707,930.57,4.229,0.91918,16.134,0.067373
351,16,95.717,924.98,4.1823,0.91889,16.47,0.062425
351,17,101.65,919.61,4.1382,0.91932,16.815,0.057975
351,18,107.5,914.48,4.0963,0.92045,17.168,0.05395
351,19,113.25,909.58,4.0565,0.92227,17.529,0.050292
351,20,118.89,904.92,4.0187,0.92476,17.896,0.046954
351,21,124.41,900.5,3.9827,0.92789,18.269,0.043901
351,22,129.81,896.31,3.9483,0.93165,18.646,0.041101
351,23,135.08,892.37,3.9156,0.936,19.026,0.038529
351,24,140.22,888.65,3.8843,0.9409,19.409,0.036162
351,25,145.22,885.17,3.8544,0.94634,19.794,0.033984
351,26,150.09,881.9,3.8258,0.95228,20.18,0.031975
351,27,154.82,878.85,3.7984,0.95869,20.566,0.030122
351,28,159.41,876,3.7722,0.96553,20.953,0.028411
351,29,163.88,873.36,3.747,0.97278,21.338,0.026831
351,30,168.21,870.9,3.7229,0.98041,21.722,0.025369
351,31,172.41,868.62,3.6996,0.98839,22.105,0.024017
351,32,176.49,866.52,3.6773,0.99669,22.486,0.022765
351,33,180.45,864.58,3.6558,1.0053,22.865,0.021604
351,34,184.29,862.8,3.6351,1.0142,23.242,0.020527
351,35,188.02,861.17,3.6152,1.0233,23.616,0.019527
351,36,191.64,859.69,3.596,1.0327,23.987,0.018598
351,37,195.15,858.33,3.5774,1.0423,24.356,0.017733
351,38,198.56,857.11,3.5594,1.052,24.722,0.016928
351,39,201.87,856,3.542,1.062,25.084,0.016177
351,40,205.09,855.01,3.5252,1.0721,25.444,0.015476
351,41,208.22,854.13,3.5089,1.0824,25.801,0.014821
351,42,211.26,853.35,3.4931,1.0929,26.155,0.014208
351,43,214.22,852.68,3.4778,1.1034,26.506,0.013634
351,44,217.11,852.09,3.4629,1.1141,26.854,0.013097
351,45,219.91,851.59,3.4484,1.1249,27.199,0.012592
351,46,222.65,851.18,3.4344,1.1357,27.541,0.012118
351,47,225.31,850.84,3.4207,1.1467,27.881,0.011671
351,48,227.91,850.58,3.4074,1.1578,28.217,0.011251
351,49,230.44,850.39,3.3944,1.1689,28.551,0.010856
351,50,232.91,850.27,3.3818,1.1801,28.882,0.010482
361,5,27.699,1021.9,5.0222,0.96482,13.764,0.20623
361,6,33.439,1015.2,4.9128,0.95904,13.953,0.17244
361,7,39.228,1008.6,4.8181,0.95375,14.156,0.14814
361,8,45.058,1002.1,4.7343,0.94897,14.372,0.12976
361,9,50.918,995.76,4.6588,0.94473,14.602,0.1153
361,10,56.796,989.5,4.59,0.94106,14.845,0.10359
361,11,62.681,983.37,4.5266,0.93797,15.101,0.093879
361,12,68.561,977.4,4.4678,0.93549,15.369,0.085655
361,13,74.422,971.59,4.4129,0.93363,15.648,0.078579
361,14,80.253,965.95,4.3615,0.9324,15.939,0.072407
361,15,86.04,960.5,4.3131,0.93181,16.24,0.066963
361,16,91.772,955.24,4.2673,0.93185,16.55,0.062115
361,17,97.437,950.19,4.2241,0.93253,16.869,0.057764
361,18,103.03,945.34,4.183,0.93382,17.196,0.053836
361,19,108.53,940.71,4.144,0.93573,17.53,0.050269
361,20,113.93,936.29,4.1068,0.93824,17.87,0.047018
361,21,119.24,932.08,4.0714,0.94132,18.215,0.044045
361,22,124.44,928.09,4.0376,0.94496,18.565,0.041318
361,23,129.52,924.32,4.0053,0.94913,18.918,0.038811
361,24,134.49,920.75,3.9745,0.95381,19.275,0.036502
361,25,139.34,917.39,3.9449,0.95897,19.633,0.034373
361,26,144.07,914.23,3.9166,0.9646,19.993,0.032407
361,27,148.68,911.27,3.8895,0.97065,20.354,0.030589
361,28,153.16,908.5,3.8635,0.9771,20.716,0.028907
361,29,157.53,905.91,3.8385,0.98394,21.078,0.027349
361,30,161.78,903.49,3.8144,0.99113,21.439,0.025905
361,31,165.91,901.25,3.7913,0.99866,21.799,0.024565
361,32,169.93,899.17,3.769,1.0065,22.158,0.023321
361,33,173.84,897.24,3.7476,1.0146,22.516,0.022164
361,34,177.64,895.47,3.7269,1.023,22.872,0.021088
361,35,181.33,893.83,3.7069,1.0316,23.226,0.020087
361,36,184.93,892.33,3.6877,1.0405,23.579,0.019153
361,37,188.42,890.96,3.669,1.0496,23.929,0.018283
361,38,191.82,889.72,3.651,1.0589,24.277,0.01747
361,39,195.12,888.59,3.6336,1.0683,24.622,0.016711
361,40,198.34,887.57,3.6167,1.0779,24.965,0.016
361,41,201.47,886.66,3.6003,1.0877,25.306,0.015335
361,42,204.52,885.85,3.5844,1.0976,25.644,0.014711
361,43,207.49,885.13,3.569,1.1077,25.98,0.014126
361,44,210.38,884.51,3.554,1.1178,26.313,0.013577
361,45,213.2,883.97,3.5394,1.1281,26.644,0.013061
361,46,215.95,883.52,3.5252,1.1385,26.972,0.012575
361,47,218.63,883.14,3.5114,1.149,27.297,0.012117
361,48,221.25,882.84,3.498,1.1596,27.621,0.011685
361,49,223.81,882.61,3.4849,1.1702,27.941,0.011278
361,50,226.3,882.45,3.4722,1.1809,28.26,0.010893
371,5,26.822,1047.9,5.0932,0.96951,14.038,0.20528
371,6,32.35,1041.6,4.9849,0.96461,14.219,0.17152
371,7,37.916,1035.4,4.8913,0.96015,14.412,0.14725
371,8,43.514,1029.3,4.8085,0.95617,14.617,0.12891
371,9,49.132,1023.3,4.7341,0.95268,14.834,0.1145
371,10,54.762,1017.4,4.6663,0.94971,15.062,0.10285
371,11,60.393,1011.7,4.604,0.94727,15.302,0.093202
371,12,66.016,1006.1,4.5462,0.94537,15.553,0.085048
371,13,71.619,1000.6,4.4923,0.94403,15.814,0.078048
371,14,77.192,995.33,4.4418,0.94325,16.085,0.071955
371,15,82.724,990.2,4.3942,0.94304,16.365,0.066592
371,16,88.206,985.26,4.3494,0.94339,16.654,0.061826
371,17,93.628,980.49,4.3069,0.94431,16.951,0.057558
371,18,98.981,975.92,4.2665,0.94578,17.255,0.053709
371,19,104.26,971.54,4.2282,0.9478,17.565,0.050219
371,20,109.45,967.35,4.1917,0.95035,17.882,0.047041
371,21,114.55,963.35,4.1568,0.95341,18.203,0.044136
371,22,119.56,959.55,4.1236,0.95698,18.529,0.041471
371,23,124.47,955.95,4.0918,0.96103,18.858,0.039021
371,24,129.27,952.53,4.0613,0.96554,19.19,0.036764
371,25,133.97,949.31,4.0321,0.97049,19.525,0.03468
371,26,138.57,946.26,4.0042,0.97586,19.862,0.032753
371,27,143.05,943.4,3.9773,0.98163,20.2,0.030969
371,28,147.43,940.71,3.9515,0.98777,20.539,0.029315
371,29,151.69,938.19,3.9267,0.99426,20.879,0.027781
371,30,155.85,935.84,3.9028,1.0011,21.219,0.026355
371,31,159.91,933.64,3.8798,1.0082,21.558,0.02503
371,32,163.86,931.59,3.8576,1.0157,21.897,0.023796
371,33,167.71,929.69,3.8363,1.0234,22.235,0.022647
371,34,171.46,927.94,3.8156,1.0313,22.572,0.021576
371,35,175.11,926.31,3.7957,1.0395,22.908,0.020576
371,36,178.66,924.82,3.7764,1.0479,23.242,0.019643
371,37,182.13,923.45,3.7578,1.0566,23.574,0.01877
371,38,185.5,922.19,3.7397,1.0654,23.905,0.017954
371,39,188.79,921.05,3.7223,1.0744,24.234,0.017189
371,40,191.99,920.02,3.7053,1.0835,24.561,0.016472
371,41,195.12,919.09,3.6889,1.0929,24.886,0.0158
371,42,198.16,918.26,3.6729,1.1023,25.209,0.015169
371,43,201.13,917.52,3.6574,1.1119,25.53,0.014576
371,44,204.02,916.87,3.6424,1.1216,25.849,0.014017
371,45,206.85,916.3,3.6277,1.1314,26.166,0.013492
371,46,209.61,915.82,3.6135,1.1414,26.48,0.012996
371,47,212.3,915.41,3.5996,1.1514,26.792,0.012529
371,48,214.93,915.08,3.5861,1.1615,27.103,0.012088
371,49,217.49,914.82,3.5729,1.1717,27.411,0.011671
371,50,220,914.62,3.5601,1.182,27.717,0.011277
381,5,26.005,1074.1,5.1629,0.97371,14.311,0.20445
381,6,31.339,1068.2,5.0555,0.96957,14.484,0.17071
381,7,36.703,1062.3,4.9629,0.96586,14.668,0.14648
381,8,42.089,1056.6,4.881,0.96259,14.863,0.12817
381,9,47.489,1050.9,4.8075,0.95977,15.068,0.11381
381,10,52.896,1045.4,4.7407,0.95741,15.284,0.10221
381,11,58.299,1040,4.6792,0.95554,15.51,0.092611
381,12,63.691,1034.7,4.6223,0.95416,15.746,0.084517
381,13,69.062,1029.6,4.5693,0.95329,15.991,0.07758
381,14,74.403,1024.6,4.5196,0.95291,16.245,0.071553
381,15,79.707,1019.8,4.4729,0.95305,16.507,0.066258
381,16,84.963,1015.1,4.4288,0.95369,16.777,0.061561
381,17,90.165,1010.6,4.387,0.95484,17.054,0.057361
381,18,95.305,1006.3,4.3473,0.95648,17.338,0.053579
381,19,100.38,1002.2,4.3096,0.95862,17.628,0.050154
381,20,105.37,998.18,4.2737,0.96123,17.924,0.047037
381,21,110.29,994.39,4.2394,0.96431,18.224,0.04419
381,22,115.12,990.78,4.2066,0.96784,18.528,0.041579
381,23,119.86,987.34,4.1752,0.9718,18.836,0.039179
381,24,124.51,984.07,4.1452,0.97619,19.147,0.036967
381,25,129.06,980.98,4.1164,0.98097,19.461,0.034923
381,26,133.52,978.06,4.0887,0.98614,19.777,0.033032
381,27,137.88,975.3,4.0621,0.99168,20.094,0.031279
381,28,142.15,972.7,4.0366,0.99756,20.413,0.029653
381,29,146.31,970.26,4.012,1.0038,20.732,0.028141
381,30,150.38,967.98,3.9883,1.0103,21.052,0.026734
381,31,154.35,965.84,3.9654,1.0171,21.373,0.025425
381,32,158.23,963.84,3.9434,1.0242,21.693,0.024203
381,33,162.01,961.98,3.9221,1.0315,22.012,0.023064
381,34,165.71,960.25,3.9016,1.0391,22.331,0.021999
381,35,169.31,958.65,3.8817,1.0469,22.65,0.021004
381,36,172.82,957.17,3.8625,1.0549,22.967,0.020073
381,37,176.25,955.81,3.8439,1.0632,23.283,0.019201
381,38,179.59,954.56,3.8258,1.0716,23.597,0.018383
381,39,182.85,953.42,3.8084,1.0802,23.911,0.017617
381,40,186.03,952.39,3.7914,1.0889,24.222,0.016897
381,41,189.14,951.45,3.775,1.0978,24.532,0.01622
381,42,192.17,950.61,3.759,1.1068,24.841,0.015583
381,43,195.13,949.85,3.7435,1.116,25.148,0.014984
381,44,198.02,949.19,3.7284,1.1253,25.453,0.01442
381,45,200.84,948.6,3.7137,1.1347,25.756,0.013887
381,46,203.59,948.1,3.6994,1.1442,26.057,0.013385
381,47,206.29,947.67,3.6854,1.1538,26.357,0.01291
381,48,208.92,947.32,3.6719,1.1635,26.654,0.012461
381,49,211.5,947.03,3.6586,1.1733,26.95,0.012037
381,50,214.01,946.81,3.6457,1.1832,27.244,0.011634
391,5,25.243,1100.5,5.2313,0.97747,14.582,0.20372
391,6,30.398,1094.9,5.1248,0.97402,14.748,0.17
391,7,35.576,1089.4,5.033,0.97097,14.924,0.14579
391,8,40.77,1084,4.952,0.96832,15.109,0.12752
391,9,45.972,1078.6,4.8793,0.96609,15.305,0.1132
391,10,51.175,1073.4,4.8133,0.96429,15.509,0.10164
391,11,56.372,1068.3,4.7527,0.96293,15.723,0.092092
391,12,61.555,1063.4,4.6966,0.96202,15.946,0.08405
391,13,66.717,1058.5,4.6443,0.96155,16.177,0.077166
391,14,71.849,1053.8,4.5954,0.96155,16.415,0.071196
391,15,76.945,1049.3,4.5493,0.962,16.662,0.065958
391,16,81.997,1044.9,4.5059,0.96291,16.915,0.061319
391,17,86.999,1040.6,4.4648,0.96428,17.176,0.057176
391,18,91.944,1036.6,4.4257,0.96609,17.442,0.05345
391,19,96.826,1032.6,4.3886,0.96834,17.714,0.05008
391,20,101.64,1028.9,4.3532,0.97103,17.99,0.047016
391,21,106.38,1025.3,4.3194,0.97413,18.272,0.044219
391,22,111.05,1021.8,4.2871,0.97765,18.557,0.041655
391,23,115.63,1018.6,4.2561,0.98156,18.846,0.039298
391,24,120.13,1015.4,4.2265,0.98585,19.138,0.037125
391,25,124.55,1012.5,4.198,0.99051,19.433,0.035118
391,26,128.88,1009.7,4.1706,0.99551,19.73,0.033259
391,27,133.12,1007,4.1443,1.0009,20.029,0.031535
391,28,137.28,1004.5,4.119,1.0065,20.329,0.029934
391,29,141.34,1002.2,4.0947,1.0125,20.63,0.028444
391,30,145.32,999.96,4.0712,1.0187,20.932,0.027056
391,31,149.21,997.89,4.0485,1.0253,21.235,0.025762
391,32,153.01,995.95,4.0266,1.0321,21.537,0.024553
391,33,156.72,994.14,4.0054,1.0391,21.84,0.023424
391,34,160.35,992.45,3.985,1.0464,22.142,0.022368
391,35,163.89,990.88,3.9652,1.0538,22.444,0.021379
391,36,167.36,989.43,3.9461,1.0615,22.745,0.020452
391,37,170.74,988.09,3.9275,1.0694,23.046,0.019582
391,38,174.05,986.86,3.9095,1.0774,23.345,0.018766
391,39,177.27,985.73,3.8921,1.0856,23.643,0.017999
391,40,180.43,984.7,3.8751,1.094,23.941,0.017277
391,41,183.51,983.76,3.8587,1.1025,24.237,0.016598
391,42,186.52,982.92,3.8427,1.1112,24.531,0.015958
391,43,189.46,982.16,3.8272,1.12,24.825,0.015355
391,44,192.34,981.49,3.812,1.1289,25.116,0.014786
391,45,195.15,980.89,3.7973,1.1379,25.407,0.014249
391,46,197.9,980.38,3.783,1.147,25.695,0.013741
391,47,200.59,979.94,3.769,1.1563,25.983,0.01326
391,48,203.22,979.57,3.7554,1.1656,26.268,0.012806
391,49,205.8,979.26,3.7421,1.175,26.552,0.012375
391,50,208.32,979.02,3.7292,1.1844,26.835,0.011967
401,5,24.528,1127.2,5.2986,0.98085,14.852,0.20306
401,6,29.519,1121.9,5.1928,0.97802,15.011,0.16937
401,7,34.526,1116.6,5.1018,0.97556,15.179,0.14519
401,8,39.543,1111.5,5.0216,0.97347,15.357,0.12695
401,9,44.564,1106.5,4.9496,0.97177,15.543,0.11266
401,10,49.582,1101.6,4.8844,0.97046,15.737,0.10114
401,11,54.591,1096.8,4.8245,0.96955,15.94,0.091635
401,12,59.585,1092.1,4.7691,0.96905,16.151,0.083637
401,13,64.556,1087.5,4.7175,0.96896,16.369,0.0768
401,14,69.498,1083.1,4.6692,0.96929,16.595,0.070877
401,15,74.405,1078.8,4.6238,0.97003,16.827,0.065689
401,16,79.271,1074.6,4.581,0.97119,17.066,0.061098
401,17,84.09,1070.6,4.5405,0.97275,17.311,0.057005
401,18,88.857,1066.8,4.502,0.97472,17.562,0.053327
401,19,93.566,1063,4.4654,0.97709,17.818,0.050004
401,20,98.213,1059.5,4.4305,0.97985,18.078,0.046985
401,21,102.79,1056,4.3971,0.983,18.343,0.04423
401,22,107.3,1052.8,4.3652,0.98651,18.611,0.041707
401,23,111.74,1049.7,4.3347,0.99039,18.883,0.039388
401,24,116.11,1046.7,4.3054,0.99461,19.158,0.03725
401,25,120.39,1043.9,4.2773,0.99917,19.436,0.035275
401,26,124.6,1041.2,4.2502,1.004,19.716,0.033445
401,27,128.73,1038.6,4.2242,1.0092,19.997,0.031747
401,28,132.77,1036.2,4.1991,1.0147,20.281,0.030169
401,29,136.74,1034,4.175,1.0205,20.565,0.0287
401,30,140.62,1031.8,4.1517,1.0265,20.851,0.02733
401,31,144.42,1029.8,4.1292,1.0328,21.137,0.026051
401,32,148.15,1028,4.1074,1.0393,21.424,0.024855
401,33,151.79,1026.2,4.0864,1.0461,21.71,0.023737
401,34,155.35,1024.6,4.0661,1.0531,21.997,0.022689
401,35,158.84,1023,4.0464,1.0603,22.284,0.021707
401,36,162.25,1021.6,4.0274,1.0676,22.57,0.020785
401,37,165.58,1020.3,4.0089,1.0752,22.856,0.01992
401,38,168.85,1019.1,3.9909,1.0829,23.141,0.019106
401,39,172.04,1018,3.9735,1.0908,23.426,0.01834
401,40,175.16,1017,3.9566,1.0988,23.709,0.017618
401,41,178.21,1016,3.9402,1.107,23.992,0.016939
401,42,181.2,1015.2,3.9242,1.1153,24.273,0.016297
401,43,184.12,1014.5,3.9087,1.1238,24.554,0.015692
401,44,186.97,1013.8,3.8936,1.1323,24.833,0.01512
401,45,189.77,1013.2,3.8789,1.141,25.111,0.014579
401,46,192.51,1012.7,3.8645,1.1498,25.388,0.014067
401,47,195.19,1012.2,3.8506,1.1586,25.663,0.013583
401,48,197.81,1011.8,3.8369,1.1676,25.937,0.013123
401,49,200.38,1011.5,3.8236,1.1766,26.21,0.012688
401,50,202.9,1011.3,3.8106,1.1858,26.482,0.012274
411,5,23.857,1154.1,5.3649,0.98389,15.119,0.20248
411,6,28.695,1149,5.2598,0.98162,15.273,0.16881
411,7,33.544,1144.1,5.1694,0.97968,15.434,0.14466
411,8,38.398,1139.2,5.0899,0.97809,15.604,0.12644
411,9,43.252,1134.5,5.0186,0.97686,15.782,0.11219
411,10,48.101,1129.8,4.954,0.97599,15.967,0.1007
411,11,52.938,1125.3,4.8948,0.97549,16.16,0.091231
411,12,57.758,1120.9,4.84,0.97537,16.361,0.083271
411,13,62.556,1116.6,4.7891,0.97562,16.568,0.076474
411,14,67.324,1112.4,4.7414,0.97624,16.782,0.070593
411,15,72.059,1108.3,4.6966,0.97725,17.002,0.065447
411,16,76.755,1104.4,4.6543,0.97863,17.227,0.060899
411,17,81.406,1100.6,4.6143,0.98038,17.459,0.056847
411,18,86.009,1096.9,4.5763,0.9825,17.695,0.053211
411,19,90.558,1093.4,4.5402,0.98498,17.937,0.049928
411,20,95.05,1090,4.5058,0.98782,18.183,0.046948
411,21,99.482,1086.8,4.4728,0.99101,18.432,0.044231
411,22,103.85,1083.7,4.4414,0.99454,18.686,0.041743
411,23,108.15,1080.7,4.4112,0.99839,18.942,0.039456
411,24,112.38,1077.9,4.3822,1.0026,19.202,0.03735
411,25,116.54,1075.2,4.3544,1.007,19.464,0.035402
411,26,120.63,1072.6,4.3277,1.0118,19.729,0.033599
411,27,124.65,1070.2,4.3019,1.0169,19.995,0.031925
411,28,128.59,1067.9,4.2771,1.0222,20.263,0.030368
411,29,132.46,1065.7,4.2532,1.0278,20.532,0.028917
411,30,136.25,1063.7,4.2301,1.0336,20.803,0.027564
411,31,139.97,1061.7,4.2078,1.0397,21.074,0.0263
411,32,143.62,1059.9,4.1862,1.046,21.346,0.025117
411,33,147.19,1058.2,4.1653,1.0526,21.618,0.02401
411,34,150.69,1056.6,4.1451,1.0593,21.891,0.022971
411,35,154.11,1055.2,4.1255,1.0662,22.163,0.021996
411,36,157.47,1053.8,4.1066,1.0733,22.436,0.021081
411,37,160.75,1052.5,4.0882,1.0806,22.708,0.020219
411,38,163.97,1051.3,4.0703,1.088,22.98,0.019409
411,39,167.12,1050.2,4.053,1.0956,23.251,0.018645
411,40,170.2,1049.2,4.0361,1.1033,23.522,0.017925
411,41,173.22,1048.3,4.0198,1.1112,23.792,0.017245
411,42,176.17,1047.5,4.0038,1.1192,24.061,0.016604
411,43,179.07,1046.8,3.9883,1.1273,24.329,0.015997
411,44,181.9,1046.1,3.9732,1.1356,24.596,0.015424
411,45,184.68,1045.5,3.9585,1.1439,24.863,0.014881
411,46,187.4,1045,3.9442,1.1524,25.128,0.014366
411,47,190.06,1044.5,3.9302,1.1609,25.392,0.013878
411,48,192.68,1044.2,3.9165,1.1695,25.655,0.013416
411,49,195.23,1043.8,3.9032,1.1783,25.917,0.012976
411,50,197.74,1043.6,3.8902,1.1871,26.178,0.012559
421,5,23.226,1181.2,5.4302,0.98664,15.385,0.20196
421,6,27.921,1176.5,5.3257,0.98486,15.533,0.16831
421,7,32.623,1171.8,5.236,0.9834,15.688,0.14418
421,8,37.327,1167.2,5.157,0.98226,15.851,0.12599
421,9,42.028,1162.7,5.0864,0.98145,16.022,0.11177
421,10,46.72,1158.3,5.0224,0.98098,16.199,0.10031
421,11,51.399,1154,4.9637,0.98084,16.383,0.090872
421,12,56.06,1149.8,4.9096,0.98105,16.574,0.082946
421,13,60.697,1145.7,4.8592,0.9816,16.771,0.076184
421,14,65.306,1141.8,4.812,0.9825,16.974,0.070339
421,15,69.883,1137.9,4.7678,0.98374,17.183,0.065229
421,16,74.422,1134.2,4.726,0.98533,17.397,0.060718
421,17,78.919,1130.6,4.6865,0.98726,17.616,0.056703
421,18,83.37,1127.2,4.649,0.98952,17.84,0.053102
421,19,87.772,1123.8,4.6133,0.99211,18.069,0.049855
421,20,92.121,1120.6,4.5793,0.99502,18.301,0.046908
421,21,96.413,1117.5,4.5468,0.99826,18.538,0.044223
421,22,100.65,1114.6,4.5156,1.0018,18.778,0.041766
421,23,104.82,1111.8,4.4858,1.0056,19.021,0.039509
421,24,108.93,1109.1,4.4572,1.0098,19.266,0.037429
421,25,112.97,1106.5,4.4297,1.0142,19.514,0.035508
421,26,116.95,1104.1,4.4032,1.0189,19.765,0.033727
421,27,120.86,1101.7,4.3777,1.0238,20.017,0.032075
421,28,124.7,1099.5,4.3531,1.029,20.271,0.030537
421,29,128.48,1097.4,4.3294,1.0345,20.527,0.029104
421,30,132.18,1095.5,4.3065,1.0402,20.783,0.027767
421,31,135.82,1093.6,4.2844,1.0461,21.041,0.026516
421,32,139.39,1091.9,4.263,1.0522,21.299,0.025346
421,33,142.89,1090.2,4.2423,1.0585,21.558,0.024248
421,34,146.32,1088.7,4.2222,1.065,21.817,0.023219
421,35,149.68,1087.3,4.2028,1.0717,22.077,0.022252
421,36,152.98,1085.9,4.1839,1.0785,22.337,0.021342
421,37,156.21,1084.7,4.1656,1.0856,22.596,0.020486
421,38,159.38,1083.6,4.1478,1.0927,22.855,0.019679
421,39,162.48,1082.5,4.1305,1.1001,23.114,0.018919
421,40,165.53,1081.5,4.1138,1.1075,23.373,0.018201
421,41,168.51,1080.7,4.0974,1.1151,23.631,0.017522
421,42,171.43,1079.8,4.0815,1.1228,23.888,0.016881
421,43,174.3,1079.1,4.0661,1.1307,24.145,0.016275
421,44,177.11,1078.5,4.051,1.1386,24.401,0.0157
421,45,179.86,1077.9,4.0363,1.1467,24.657,0.015156
421,46,182.56,1077.4,4.022,1.1548,24.911,0.01464
421,47,185.2,1076.9,4.008,1.1631,25.165,0.01415
421,48,187.8,1076.6,3.9944,1.1714,25.417,0.013685
421,49,190.35,1076.2,3.9811,1.1798,25.669,0.013243
421,50,192.84,1076,3.9681,1.1883,25.92,0.012823
431,5,22.63,1208.7,5.4946,0.98913,15.648,0.20149
431,6,27.192,1204.1,5.3907,0.9878,15.791,0.16787
431,7,31.758,1199.7,5.3015,0.98676,15.941,0.14376
431,8,36.322,1195.4,5.2232,0.98603,16.098,0.12559
431,9,40.88,1191.1,5.1531,0.9856,16.262,0.11139
431,10,45.427,1186.9,5.0896,0.98548,16.431,0.099963
431,11,49.96,1182.9,5.0315,0.98567,16.608,0.090553
431,12,54.474,1178.9,4.9778,0.98618,16.79,0.082656
431,13,58.964,1175,4.928,0.98701,16.978,0.075926
431,14,63.427,1171.3,4.8813,0.98815,17.171,0.070112
431,15,67.857,1167.7,4.8376,0.98961,17.37,0.065034
431,16,72.251,1164.1,4.7963,0.99138,17.573,0.060555
431,17,76.606,1160.7,4.7572,0.99347,17.782,0.056571
431,18,80.917,1157.5,4.7201,0.99586,17.995,0.053002
431,19,85.182,1154.3,4.6848,0.99855,18.212,0.049785
431,20,89.398,1151.2,4.6512,1.0015,18.432,0.046868
431,21,93.561,1148.3,4.619,1.0048,18.657,0.044211
431,22,97.67,1145.5,4.5883,1.0084,18.884,0.041781
431,23,101.72,1142.8,4.5588,1.0122,19.115,0.03955
431,24,105.72,1140.3,4.5304,1.0163,19.348,0.037494
431,25,109.65,1137.8,4.5032,1.0207,19.583,0.035595
431,26,113.52,1135.5,4.477,1.0253,19.821,0.033836
431,27,117.33,1133.3,4.4518,1.0302,20.061,0.032202
431,28,121.08,1131.2,4.4274,1.0353,20.302,0.030682
431,29,124.76,1129.2,4.4039,1.0406,20.545,0.029265
431,30,128.38,1127.3,4.3812,1.0461,20.789,0.027942
431,31,131.94,1125.5,4.3593,1.0519,21.034,0.026705
431,32,135.43,1123.8,4.338,1.0578,21.279,0.025546
431,33,138.85,1122.3,4.3175,1.0639,21.526,0.024458
431,34,142.22,1120.8,4.2975,1.0703,21.773,0.023438
431,35,145.52,1119.4,4.2782,1.0767,22.02,0.022478
431,36,148.76,1118.1,4.2595,1.0834,22.268,0.021575
431,37,151.94,1116.9,4.2413,1.0902,22.516,0.020724
431,38,155.06,1115.8,4.2236,1.0971,22.763,0.019922
431,39,158.12,1114.8,4.2064,1.1042,23.011,0.019165
431,40,161.12,1113.9,4.1897,1.1114,23.258,0.018449
431,41,164.06,1113,4.1734,1.1188,23.505,0.017773
431,42,166.95,1112.2,4.1576,1.1262,23.751,0.017133
431,43,169.79,1111.5,4.1422,1.1338,23.997,0.016527
431,44,172.56,1110.9,4.1271,1.1415,24.243,0.015952
431,45,175.29,1110.3,4.1125,1.1493,24.488,0.015408
431,46,177.97,1109.8,4.0982,1.1571,24.732,0.01489
431,47,180.59,1109.4,4.0842,1.1651,24.975,0.014399
431,48,183.17,1109,4.0706,1.1732,25.218,0.013933
431,49,185.7,1108.7,4.0573,1.1813,25.46,0.013489
431,50,188.18,1108.5,4.0443,1.1895,25.701,0.013066
441,5,22.066,1236.4,5.5582,0.99139,15.91,0.20108
441,6,26.504,1232.1,5.4548,0.99046,16.048,0.16747
441,7,30.942,1227.9,5.3662,0.98981,16.193,0.14338
441,8,35.376,1223.8,5.2883,0.98944,16.344,0.12523
441,9,39.801,1219.7,5.2188,0.98935,16.501,0.11105
441,10,44.215,1215.8,5.1558,0.98955,16.664,0.099651
441,11,48.612,1211.9,5.0982,0.99004,16.833,0.090267
441,12,52.99,1208.2,5.045,0.99082,17.008,0.082398
441,13,57.343,1204.5,4.9956,0.99189,17.187,0.075694
441,14,61.67,1201,4.9494,0.99326,17.372,0.069908
441,15,65.965,1197.5,4.9061,0.99491,17.562,0.064858
441,16,70.225,1194.2,4.8652,0.99686,17.756,0.060407
441,17,74.448,1191,4.8265,0.99908,17.954,0.056451
441,18,78.629,1187.9,4.7898,1.0016,18.157,0.05291
441,19,82.767,1184.9,4.7549,1.0044,18.363,0.049719
441,20,86.859,1182,4.7216,1.0074,18.573,0.046828
441,21,90.902,1179.2,4.6898,1.0108,18.787,0.044197
441,22,94.893,1176.5,4.6594,1.0144,19.003,0.04179
441,23,98.832,1174,4.6302,1.0182,19.222,0.039582
441,24,102.72,1171.5,4.6021,1.0223,19.444,0.037548
441,25,106.55,1169.2,4.5752,1.0266,19.668,0.035669
441,26,110.32,1167,4.5492,1.0312,19.894,0.033928
441,27,114.03,1164.9,4.5242,1.036,20.122,0.032312
441,28,117.69,1162.9,4.5001,1.041,20.352,0.030808
441,29,121.28,1161,4.4768,1.0462,20.583,0.029406
441,30,124.82,1159.2,4.4543,1.0516,20.815,0.028096
441,31,128.3,1157.5,4.4325,1.0572,21.049,0.02687
441,32,131.71,1155.9,4.4115,1.063,21.283,0.025722
441,33,135.07,1154.4,4.3911,1.0689,21.518,0.024644
441,34,138.37,1152.9,4.3713,1.0751,21.754,0.023632
441,35,141.61,1151.6,4.3521,1.0814,21.99,0.02268
441,36,144.79,1150.4,4.3334,1.0878,22.226,0.021783
441,37,147.92,1149.2,4.3153,1.0944,22.463,0.020937
441,38,150.99,1148.2,4.2977,1.1011,22.7,0.02014
441,39,154,1147.2,4.2806,1.108,22.936,0.019386
441,40,156.96,1146.3,4.264,1.115,23.173,0.018674
441,41,159.86,1145.5,4.2478,1.1221,23.41,0.018
441,42,162.72,1144.7,4.232,1.1293,23.646,0.017361
441,43,165.51,1144,4.2167,1.1367,23.882,0.016756
441,44,168.26,1143.4,4.2017,1.1441,24.117,0.016182
441,45,170.96,1142.8,4.1871,1.1517,24.352,0.015638
441,46,173.61,1142.4,4.1728,1.1593,24.587,0.01512
441,47,176.21,1141.9,4.1589,1.167,24.82,0.014629
441,48,178.77,1141.6,4.1453,1.1748,25.054,0.014161
441,49,181.27,1141.3,4.132,1.1827,25.286,0.013716
441,50,183.74,1141,4.1191,1.1906,25.518,0.013291
451,5,21.533,1264.4,5.6211,0.99344,16.17,0.2007
451,6,25.854,1260.4,5.5182,0.99288,16.304,0.16711
451,7,30.172,1256.4,5.43,0.99257,16.444,0.14303
451,8,34.484,1252.4,5.3526,0.99253,16.59,0.12491
451,9,38.786,1248.6,5.2835,0.99275,16.741,0.11075
451,10,43.074,1244.9,5.221,0.99324,16.898,0.099373
451,11,47.345,1241.2,5.1638,0.99399,17.06,0.090012
451,12,51.596,1237.6,5.1111,0.99502,17.227,0.082166
451,13,55.823,1234.2,5.0621,0.99632,17.399,0.075487
451,14,60.023,1230.8,5.0163,0.99788,17.576,0.069726
451,15,64.192,1227.6,4.9734,0.99971,17.757,0.0647
451,16,68.328,1224.4,4.9329,1.0018,17.943,0.060274
451,17,72.428,1221.3,4.8946,1.0042,18.132,0.056342
451,18,76.489,1218.4,4.8583,1.0068,18.326,0.052825
451,19,80.508,1215.5,4.8237,1.0097,18.523,0.049658
451,20,84.484,1212.8,4.7908,1.0128,18.723,0.04679
451,21,88.414,1210.2,4.7593,1.0162,18.926,0.044181
451,22,92.296,1207.6,4.7291,1.0198,19.132,0.041796
451,23,96.128,1205.2,4.7002,1.0236,19.341,0.039607
451,24,99.91,1202.9,4.6725,1.0277,19.553,0.037592
451,25,103.64,1200.7,4.6458,1.032,19.766,0.035731
451,26,107.32,1198.6,4.6201,1.0365,19.982,0.034007
451,27,110.94,1196.6,4.5953,1.0412,20.199,0.032407
451,28,114.51,1194.6,4.5714,1.0462,20.418,0.030918
451,29,118.02,1192.8,4.5483,1.0513,20.638,0.029529
451,30,121.48,1191.1,4.5259,1.0566,20.86,0.028231
451,31,124.88,1189.5,4.5043,1.062,21.083,0.027016
451,32,128.22,1188,4.4834,1.0677,21.306,0.025878
451,33,131.51,1186.5,4.4632,1.0735,21.531,0.02481
451,34,134.75,1185.2,4.4435,1.0795,21.756,0.023805
451,35,137.93,1183.9,4.4244,1.0856,21.982,0.02286
451,36,141.06,1182.7,4.4059,1.0919,22.208,0.021969
451,37,144.13,1181.6,4.3879,1.0983,22.435,0.021129
451,38,147.15,1180.6,4.3704,1.1048,22.661,0.020336
451,39,150.11,1179.6,4.3534,1.1115,22.888,0.019586
451,40,153.03,1178.8,4.3369,1.1183,23.115,0.018877
451,41,155.89,1178,4.3207,1.1252,23.341,0.018206
451,42,158.7,1177.3,4.305,1.1322,23.568,0.017569
451,43,161.47,1176.6,4.2897,1.1393,23.794,0.016966
451,44,164.18,1176,4.2748,1.1465,24.02,0.016393
451,45,166.85,1175.5,4.2602,1.1539,24.246,0.015849
451,46,169.47,1175,4.246,1.1613,24.471,0.015332
451,47,172.05,1174.6,4.2321,1.1687,24.696,0.01484
451,48,174.58,1174.3,4.2186,1.1763,24.92,0.014371
451,49,177.07,1174,4.2053,1.1839,25.144,0.013925
451,50,179.51,1173.7,4.1924,1.1916,25.367,0.0135
461,5,21.026,1292.8,5.6833,0.99531,16.427,0.20036
461,6,25.237,1288.9,5.5808,0.99507,16.558,0.16678
461,7,29.443,1285.1,5.4931,0.99508,16.693,0.14273
461,8,33.641,1281.4,5.4161,0.99533,16.834,0.12462
461,9,37.827,1277.7,5.3474,0.99583,16.98,0.11048
461,10,41.998,1274.2,5.2853,0.99658,17.131,0.099123
461,11,46.152,1270.7,5.2286,0.99758,17.287,0.089783
461,12,50.284,1267.3,5.1762,0.99883,17.448,0.081958
461,13,54.393,1264.1,5.1276,1.0003,17.613,0.075301
461,14,58.475,1260.9,5.0823,1.0021,17.783,0.069561
461,15,62.527,1257.8,5.0397,1.0041,17.956,0.064558
461,16,66.547,1254.8,4.9996,1.0063,18.134,0.060153
461,17,70.533,1251.9,4.9616,1.0088,18.315,0.056244
461,18,74.481,1249.1,4.9256,1.0115,18.5,0.052748
461,19,78.389,1246.4,4.8914,1.0145,18.688,0.049602
461,20,82.257,1243.8,4.8587,1.0177,18.88,0.046755
461,21,86.08,1241.3,4.8275,1.0211,19.074,0.044165
461,22,89.859,1238.9,4.7977,1.0247,19.271,0.041798
461,23,93.592,1236.6,4.769,1.0286,19.47,0.039628
461,24,97.277,1234.4,4.7415,1.0326,19.672,0.03763
461,25,100.91,1232.3,4.715,1.0369,19.876,0.035785
461,26,104.5,1230.3,4.6896,1.0414,20.082,0.034077
461,27,108.03,1228.3,4.665,1.046,20.289,0.03249
461,28,111.52,1226.5,4.6413,1.0509,20.498,0.031014
461,29,114.95,1224.8,4.6184,1.0559,20.709,0.029637
461,30,118.33,1223.2,4.5962,1.0611,20.921,0.028351
461,31,121.66,1221.6,4.5748,1.0665,21.134,0.027146
461,32,124.94,1220.2,4.554,1.072,21.348,0.026017
461,33,128.16,1218.8,4.5339,1.0777,21.563,0.024957
461,34,131.33,1217.5,4.5144,1.0835,21.778,0.02396
461,35,134.46,1216.3,4.4954,1.0895,21.994,0.023022
461,36,137.53,1215.1,4.477,1.0956,22.211,0.022137
461,37,140.55,1214.1,4.4592,1.1019,22.428,0.021303
461,38,143.51,1213.1,4.4418,1.1082,22.645,0.020514
461,39,146.43,1212.2,4.4248,1.1147,22.862,0.019768
461,40,149.3,1211.4,4.4084,1.1213,23.08,0.019062
461,41,152.13,1210.6,4.3923,1.128,23.297,0.018393
461,42,154.9,1209.9,4.3767,1.1349,23.515,0.017759
461,43,157.63,1209.3,4.3614,1.1418,23.732,0.017157
461,44,160.31,1208.7,4.3466,1.1488,23.949,0.016586
461,45,162.95,1208.2,4.3321,1.1559,24.166,0.016043
461,46,165.54,1207.8,4.3179,1.1631,24.382,0.015526
461,47,168.09,1207.4,4.3041,1.1703,24.599,0.015034
461,48,170.59,1207.1,4.2905,1.1777,24.815,0.014566
461,49,173.06,1206.8,4.2773,1.1851,25.03,0.014119
461,50,175.48,1206.6,4.2644,1.1926,25.245,0.013693
471,5,20.544,1321.5,5.7448,0.997,16.683,0.20005
471,6,24.652,1317.8,5.6427,0.99707,16.81,0.16649
471,7,28.752,1314.2,5.5554,0.99736,16.941,0.14245
471,8,32.842,1310.6,5.4788,0.99789,17.077,0.12436
471,9,36.92,1307.2,5.4106,0.99864,17.218,0.11024
471,10,40.981,1303.8,5.3488,0.99962,17.364,0.098898
471,11,45.025,1300.5,5.2924,1.0008,17.515,0.089577
471,12,49.047,1297.3,5.2405,1.0023,17.669,0.081771
471,13,53.045,1294.2,5.1922,1.004,17.828,0.075133
471,14,57.017,1291.1,5.1472,1.0059,17.991,0.069414
471,15,60.96,1288.2,5.105,1.008,18.158,0.06443
471,16,64.871,1285.4,5.0652,1.0104,18.328,0.060045
471,17,68.749,1282.6,5.0276,1.013,18.502,0.056155
471,18,72.592,1280,4.9919,1.0158,18.679,0.052678
471,19,76.397,1277.4,4.9579,1.0188,18.859,0.04955
471,20,80.162,1274.9,4.9256,1.0221,19.043,0.046721
471,21,83.887,1272.6,4.8946,1.0255,19.229,0.044149
471,22,87.569,1270.3,4.865,1.0292,19.417,0.041799
471,23,91.207,1268.1,4.8366,1.0331,19.608,0.039645
471,24,94.8,1266,4.8094,1.0371,19.801,0.037663
471,25,98.347,1264,4.7831,1.0414,19.996,0.035832
471,26,101.85,1262.1,4.7579,1.0458,20.193,0.034137
471,27,105.3,1260.3,4.7335,1.0504,20.391,0.032564
471,28,108.71,1258.5,4.71,1.0552,20.591,0.031099
471,29,112.06,1256.9,4.6872,1.0601,20.793,0.029734
471,30,115.37,1255.3,4.6653,1.0653,20.996,0.028458
471,31,118.63,1253.9,4.644,1.0705,21.2,0.027263
471,32,121.84,1252.5,4.6234,1.0759,21.404,0.026142
471,33,125,1251.2,4.6034,1.0815,21.61,0.02509
471,34,128.11,1249.9,4.584,1.0872,21.817,0.0241
471,35,131.17,1248.8,4.5652,1.0931,22.024,0.023168
471,36,134.19,1247.7,4.5469,1.099,22.231,0.022289
471,37,137.16,1246.7,4.5291,1.1051,22.439,0.02146
471,38,140.08,1245.8,4.5118,1.1113,22.648,0.020675
471,39,142.95,1244.9,4.495,1.1177,22.856,0.019933
471,40,145.77,1244.1,4.4786,1.1241,23.065,0.019231
471,41,148.56,1243.4,4.4626,1.1306,23.274,0.018565
471,42,151.29,1242.7,4.4471,1.1373,23.483,0.017933
471,43,153.98,1242.1,4.4319,1.144,23.692,0.017333
471,44,156.63,1241.6,4.4171,1.1508,23.901,0.016763
471,45,159.23,1241.1,4.4026,1.1577,24.109,0.016221
471,46,161.79,1240.7,4.3885,1.1647,24.318,0.015705
471,47,164.32,1240.3,4.3747,1.1718,24.526,0.015214
471,48,166.79,1240,4.3613,1.1789,24.734,0.014745
471,49,169.23,1239.8,4.3481,1.1861,24.942,0.014299
471,50,171.63,1239.6,4.3352,1.1934,25.149,0.013872
476,5,20.313,1335.9,5.7753,0.9978,16.81,0.1999
476,6,24.37,1332.3,5.6735,0.998,16.935,0.16635
476,7,28.42,1328.8,5.5863,0.99843,17.064,0.14232
476,8,32.458,1325.3,5.5099,0.99908,17.199,0.12424
476,9,36.484,1322,5.4418,0.99995,17.337,0.11013
476,10,40.493,1318.7,5.3803,1.001,17.481,0.098794
476,11,44.484,1315.5,5.3241,1.0024,17.628,0.089481
476,12,48.454,1312.3,5.2723,1.0039,17.78,0.081685
476,13,52.399,1309.3,5.2242,1.0057,17.936,0.075056
476,14,56.319,1306.4,5.1794,1.0077,18.096,0.069345
476,15,60.209,1303.5,5.1373,1.0099,18.259,0.064371
476,16,64.069,1300.7,5.0976,1.0123,18.426,0.059995
476,17,67.896,1298.1,5.0602,1.0149,18.597,0.056113
476,18,71.688,1295.5,5.0246,1.0178,18.77,0.052645
476,19,75.444,1293,4.9908,1.0209,18.947,0.049526
476,20,79.161,1290.6,4.9586,1.0241,19.126,0.046706
476,21,82.838,1288.3,4.9278,1.0276,19.308,0.044141
476,22,86.474,1286,4.8983,1.0313,19.493,0.0418
476,23,90.067,1283.9,4.87,1.0351,19.679,0.039653
476,24,93.616,1281.9,4.8429,1.0392,19.868,0.037677
476,25,97.121,1279.9,4.8167,1.0434,20.059,0.035853
476,26,100.58,1278.1,4.7916,1.0478,20.252,0.034165
476,27,103.99,1276.3,4.7673,1.0524,20.446,0.032597
476,28,107.36,1274.6,4.7439,1.0572,20.642,0.031139
476,29,110.68,1273,4.7212,1.0621,20.839,0.029778
476,30,113.95,1271.5,4.6994,1.0672,21.038,0.028507
476,31,117.18,1270,4.6782,1.0724,21.237,0.027316
476,32,120.35,1268.7,4.6576,1.0778,21.438,0.0262
476,33,123.48,1267.4,4.6377,1.0833,21.639,0.025152
476,34,126.56,1266.2,4.6184,1.0889,21.842,0.024165
476,35,129.6,1265.1,4.5996,1.0947,22.044,0.023236
476,36,132.59,1264,4.5814,1.1006,22.248,0.02236
476,37,135.53,1263.1,4.5637,1.1066,22.452,0.021533
476,38,138.42,1262.1,4.5464,1.1128,22.656,0.020751
476,39,141.27,1261.3,4.5296,1.119,22.86,0.020011
476,40,144.08,1260.5,4.5133,1.1254,23.065,0.01931
476,41,146.84,1259.8,4.4974,1.1318,23.27,0.018645
476,42,149.55,1259.2,4.4818,1.1384,23.475,0.018014
476,43,152.23,1258.6,4.4667,1.145,23.68,0.017416
476,44,154.86,1258.1,4.4519,1.1518,23.884,0.016846
476,45,157.44,1257.6,4.4375,1.1586,24.089,0.016305
476,46,159.99,1257.2,4.4234,1.1655,24.294,0.015789
476,47,162.5,1256.9,4.4096,1.1724,24.498,0.015298
476,48,164.96,1256.6,4.3962,1.1795,24.702,0.01483
476,49,167.39,1256.3,4.383,1.1866,24.906,0.014384
476,50,169.78,1256.1,4.3701,1.1938,25.109,0.013957
337,0.5,2.8781,995.4,6.1192,0.99466,12.352,2.0106
341,0.5,2.8436,1004.8,6.147,0.99492,12.475,2.0101
351,0.5,2.7609,1028.6,6.2156,0.99553,12.779,2.0089
361,0.5,2.683,1052.6,6.2831,0.99607,13.08,2.0078
371,0.5,2.6094,1076.9,6.3496,0.99655,13.377,2.0068
381,0.5,2.5398,1101.6,6.4152,0.99699,13.671,2.006
391,0.5,2.4739,1126.6,6.4799,0.99738,13.961,2.0052
401,0.5,2.4113,1151.9,6.5439,0.99773,14.249,2.0045
411,0.5,2.3519,1177.5,6.6071,0.99806,14.533,2.0038
421,0.5,2.2954,1203.6,6.6696,0.99835,14.815,2.0032
431,0.5,2.2415,1229.9,6.7315,0.99861,15.093,2.0027
441,0.5,2.1901,1256.6,6.7927,0.99885,15.369,2.0022
451,0.5,2.1411,1283.7,6.8534,0.99907,15.642,2.0018
461,0.5,2.0942,1311.1,6.9136,0.99927,15.912,2.0014
471,0.5,2.0494,1339,6.9733,0.99946,16.18,2.001
476,0.5,2.0277,1353,7.003,0.99954,16.313,2.0009
337,1,5.7868,991.47,5.7511,0.98941,12.418,1.0105
341,1,5.7159,1001,5.7791,0.98994,12.54,1.01
351,1,5.5463,1024.9,5.8483,0.99114,12.843,1.0088
361,1,5.3868,1049.1,5.9164,0.99222,13.142,1.0077
371,1,5.2365,1073.7,5.9834,0.99318,13.438,1.0067
381,1,5.0946,1098.5,6.0494,0.99405,13.731,1.0058
391,1,4.9604,1123.6,6.1145,0.99484,14.02,1.005
401,1,4.8332,1149.1,6.1788,0.99554,14.307,1.0043
411,1,4.7126,1174.9,6.2423,0.99618,14.59,1.0037
421,1,4.598,1201,6.3052,0.99676,14.87,1.0031
431,1,4.489,1227.5,6.3673,0.99729,15.148,1.0026
441,1,4.3851,1254.3,6.4288,0.99777,15.422,1.0021
451,1,4.2859,1281.5,6.4898,0.99821,15.694,1.0017
461,1,4.1913,1309,6.5502,0.9986,15.963,1.0013
471,1,4.1008,1336.9,6.6101,0.99897,16.23,1.0009
476,1,4.0571,1351,6.6398,0.99914,16.363,1.0008
337,2,11.694,983.61,5.374,0.97918,12.563,0.51025
341,2,11.545,993.3,5.4025,0.98023,12.683,0.50971
351,2,11.189,1017.7,5.473,0.98263,12.982,0.50847
361,2,10.855,1042.3,5.5421,0.98478,13.278,0.50737
371,2,10.542,1067.2,5.6101,0.9867,13.57,0.50639
381,2,10.247,1092.3,5.677,0.98843,13.859,0.50552
391,2,9.9694,1117.8,5.7429,0.98998,14.146,0.50474
401,2,9.707,1143.5,5.8079,0.99139,14.429,0.50404
411,2,9.4588,1169.6,5.8721,0.99265,14.709,0.50341
421,2,9.2234,1196,5.9356,0.9938,14.987,0.50284
431,2,9,1222.7,5.9983,0.99484,15.262,0.50233
441,2,8.7876,1249.7,6.0603,0.99579,15.534,0.50186
451,2,8.5853,1277.1,6.1218,0.99665,15.804,0.50144
461,2,8.3925,1304.9,6.1826,0.99743,16.071,0.50106
471,2,8.2084,1333,6.2429,0.99815,16.335,0.50071
476,2,8.1194,1347.2,6.2729,0.99848,16.467,0.50055
337,3,17.72,975.76,5.1459,0.96935,12.724,0.34326
341,3,17.484,985.63,5.175,0.97091,12.842,0.34271
351,3,16.923,1010.4,5.2467,0.97451,13.136,0.34146
361,3,16.4,1035.4,5.3169,0.97772,13.426,0.34036
371,3,15.911,1060.7,5.3859,0.98058,13.714,0.33938
381,3,15.453,1086.2,5.4537,0.98315,13.999,0.33852
391,3,15.023,1111.9,5.5204,0.98546,14.281,0.33775
401,3,14.617,1138,5.5862,0.98754,14.561,0.33706
411,3,14.235,1164.3,5.6511,0.98942,14.837,0.33645
421,3,13.873,1191,5.7152,0.99112,15.112,0.33589
431,3,13.53,1217.9,5.7785,0.99266,15.383,0.33539
441,3,13.204,1245.2,5.841,0.99406,15.653,0.33494
451,3,12.895,1272.8,5.9029,0.99533,15.92,0.33453
461,3,12.601,1300.8,5.9642,0.99649,16.184,0.33416
471,3,12.32,1329.1,6.0249,0.99755,16.446,0.33383
476,3,12.185,1343.3,6.0551,0.99804,16.576,0.33367
337,4,23.857,967.92,4.9788,0.95996,12.903,0.25954
341,4,23.527,977.98,5.0084,0.96203,13.018,0.25899
351,4,22.743,1003.2,5.0814,0.96681,13.304,0.25774
361,4,22.017,1028.6,5.1528,0.97106,13.588,0.25665
371,4,21.34,1054.3,5.2228,0.97485,13.87,0.25568
381,4,20.708,1080.1,5.2915,0.97824,14.149,0.25483
391,4,20.116,1106.2,5.3591,0.98128,14.427,0.25408
401,4,19.559,1132.5,5.4256,0.98402,14.702,0.2534
411,4,19.036,1159.2,5.4912,0.9865,14.974,0.2528
421,4,18.541,1186.1,5.5559,0.98873,15.244,0.25227
431,4,18.074,1213.3,5.6197,0.99075,15.512,0.25178
441,4,17.632,1240.8,5.6828,0.99259,15.778,0.25135
451,4,17.212,1268.6,5.7452,0.99426,16.042,0.25095
461,4,16.813,1296.8,5.807,0.99578,16.303,0.2506
471,4,16.433,1325.2,5.8681,0.99716,16.562,0.25027
476,4,16.25,1339.6,5.8984,0.99781,16.691,0.25012
